No,nama_makanan,kategori,berat_gr,kalori,protein
1,Rujak Buah Dinginkan,buah-buahan,100,95.49,0.34
1,Rujak Buah Dinginkan,buah-buahan,200,112.23,2.8
1,Rujak Buah Dinginkan,buah-buahan,300,135.0,4.33
2,Nanas Madu Segar,buah-buahan,100,86.57,0.49
2,Nanas Madu Segar,buah-buahan,200,145.05,1.23
2,Nanas Madu Segar,buah-buahan,300,105.62,1.69
3,Selai Sirsak Manis,buah-buahan,100,77.13,0.84
3,Selai Sirsak Manis,buah-buahan,200,91.71,0.81
3,Selai Sirsak Manis,buah-buahan,300,152.35,4.27
4,Kesemek Segar,buah-buahan,100,54.98,1.01
4,Kesemek Segar,buah-buahan,200,98.14,0.95
4,Kesemek Segar,buah-buahan,300,164.84,2.97
5,Langsat Matang,buah-buahan,100,74.66,0.33
5,Langsat Matang,buah-buahan,200,93.46,0.88
5,Langsat Matang,buah-buahan,300,105.31,1.25
6,Sirup Markisa Kupas,buah-buahan,100,93.34,1.34
6,Sirup Markisa Kupas,buah-buahan,200,92.67,2.56
6,Sirup Markisa Kupas,buah-buahan,300,233.99,1.89
7,Kelapa Tua Kering,buah-buahan,100,95.65,0.5
7,Kelapa Tua Kering,buah-buahan,200,149.92,1.06
7,Kelapa Tua Kering,buah-buahan,300,135.8,4.33
8,Dodol Durian Kering,buah-buahan,100,74.86,0.31
8,Dodol Durian Kering,buah-buahan,200,131.66,1.82
8,Dodol Durian Kering,buah-buahan,300,165.77,3.07
9,Asinan Bogor Kering,buah-buahan,100,64.27,0.53
9,Asinan Bogor Kering,buah-buahan,200,133.89,0.75
9,Asinan Bogor Kering,buah-buahan,300,136.47,2.07
10,Keripik Nangka Kering,buah-buahan,100,81.55,0.57
10,Keripik Nangka Kering,buah-buahan,200,109.52,2.47
10,Keripik Nangka Kering,buah-buahan,300,142.31,4.45
11,Cempedak Kupas,buah-buahan,100,63.74,1.08
11,Cempedak Kupas,buah-buahan,200,85.36,1.5
11,Cempedak Kupas,buah-buahan,300,152.31,1.06
12,Pisang Ambon Dinginkan,buah-buahan,100,73.12,1.45
12,Pisang Ambon Dinginkan,buah-buahan,200,122.3,2.58
12,Pisang Ambon Dinginkan,buah-buahan,300,114.14,1.08
13,Kesemek Matang,buah-buahan,100,92.56,0.46
13,Kesemek Matang,buah-buahan,200,98.73,1.46
13,Kesemek Matang,buah-buahan,300,172.31,1.58
14,Selai Nanas Dinginkan,buah-buahan,100,86.91,0.72
14,Selai Nanas Dinginkan,buah-buahan,200,125.82,1.09
14,Selai Nanas Dinginkan,buah-buahan,300,157.08,2.02
15,Anggur Merah Kupas,buah-buahan,100,96.67,0.9
15,Anggur Merah Kupas,buah-buahan,200,138.1,0.95
15,Anggur Merah Kupas,buah-buahan,300,155.58,2.13
16,Keripik Pisang Matang,buah-buahan,100,94.63,0.76
16,Keripik Pisang Matang,buah-buahan,200,141.14,2.43
16,Keripik Pisang Matang,buah-buahan,300,194.76,2.37
17,Alpukat Mentega Jus,buah-buahan,100,74.16,0.47
17,Alpukat Mentega Jus,buah-buahan,200,93.2,1.47
17,Alpukat Mentega Jus,buah-buahan,300,221.0,1.25
18,Selai Sirsak Kering,buah-buahan,100,86.9,0.8
18,Selai Sirsak Kering,buah-buahan,200,101.35,2.08
18,Selai Sirsak Kering,buah-buahan,300,131.85,1.09
19,Pisang Molen Manis,buah-buahan,100,99.73,1.2
19,Pisang Molen Manis,buah-buahan,200,108.93,1.83
19,Pisang Molen Manis,buah-buahan,300,171.8,1.18
20,Rujak Cingur Matang,buah-buahan,100,93.0,0.33
20,Rujak Cingur Matang,buah-buahan,200,141.66,2.26
20,Rujak Cingur Matang,buah-buahan,300,138.24,1.48
21,Manisan Salak Potong,buah-buahan,100,60.88,0.53
21,Manisan Salak Potong,buah-buahan,200,137.78,2.65
21,Manisan Salak Potong,buah-buahan,300,218.89,3.99
22,Pisang Ambon Potong,buah-buahan,100,85.56,0.92
22,Pisang Ambon Potong,buah-buahan,200,86.61,2.59
22,Pisang Ambon Potong,buah-buahan,300,149.34,3.15
23,Melon Hijau Matang,buah-buahan,100,93.68,1.26
23,Melon Hijau Matang,buah-buahan,200,94.0,1.19
23,Melon Hijau Matang,buah-buahan,300,159.35,3.78
24,Jus Alpukat Dinginkan,buah-buahan,100,86.95,0.51
24,Jus Alpukat Dinginkan,buah-buahan,200,138.5,3.0
24,Jus Alpukat Dinginkan,buah-buahan,300,209.9,2.76
25,Sukun Dinginkan,buah-buahan,100,83.52,1.04
25,Sukun Dinginkan,buah-buahan,200,109.62,2.53
25,Sukun Dinginkan,buah-buahan,300,205.14,4.15
26,Pisang Raja Dinginkan,buah-buahan,100,74.07,0.98
26,Pisang Raja Dinginkan,buah-buahan,200,90.8,0.75
26,Pisang Raja Dinginkan,buah-buahan,300,108.77,1.01
27,Jus Mangga Kupas,buah-buahan,100,92.62,0.73
27,Jus Mangga Kupas,buah-buahan,200,121.89,1.57
27,Jus Mangga Kupas,buah-buahan,300,198.34,1.65
28,Pisang Molen Segar,buah-buahan,100,50.08,0.36
28,Pisang Molen Segar,buah-buahan,200,113.58,2.76
28,Pisang Molen Segar,buah-buahan,300,227.47,2.85
29,Alpukat Mentega Dinginkan,buah-buahan,100,56.48,1.47
29,Alpukat Mentega Dinginkan,buah-buahan,200,99.22,0.95
29,Alpukat Mentega Dinginkan,buah-buahan,300,230.25,3.49
30,Langsat Kering,buah-buahan,100,52.77,1.02
30,Langsat Kering,buah-buahan,200,127.02,1.29
30,Langsat Kering,buah-buahan,300,191.11,2.6
31,Kesemek Manis,buah-buahan,100,99.38,1.28
31,Kesemek Manis,buah-buahan,200,100.94,2.49
31,Kesemek Manis,buah-buahan,300,171.13,3.82
32,Rambutan Binjai Matang,buah-buahan,100,63.45,1.13
32,Rambutan Binjai Matang,buah-buahan,200,93.88,2.18
32,Rambutan Binjai Matang,buah-buahan,300,92.82,2.21
33,Langsat Manis,buah-buahan,100,67.57,0.51
33,Langsat Manis,buah-buahan,200,140.93,2.12
33,Langsat Manis,buah-buahan,300,95.03,2.95
34,Duku Palembang Kupas,buah-buahan,100,93.92,1.31
34,Duku Palembang Kupas,buah-buahan,200,134.48,2.48
34,Duku Palembang Kupas,buah-buahan,300,154.39,2.27
35,Nangka Kupas,buah-buahan,100,94.39,1.35
35,Nangka Kupas,buah-buahan,200,129.04,0.69
35,Nangka Kupas,buah-buahan,300,207.33,1.54
36,Kersen Kering,buah-buahan,100,91.69,0.55
36,Kersen Kering,buah-buahan,200,103.07,0.93
36,Kersen Kering,buah-buahan,300,239.71,3.84
37,Pepaya California Segar,buah-buahan,100,90.11,0.52
37,Pepaya California Segar,buah-buahan,200,119.33,2.6
37,Pepaya California Segar,buah-buahan,300,153.61,1.25
38,Markisa Jus,buah-buahan,100,62.62,0.95
38,Markisa Jus,buah-buahan,200,136.44,2.94
38,Markisa Jus,buah-buahan,300,190.66,2.42
39,Semangka Lokal Kupas,buah-buahan,100,57.65,1.0
39,Semangka Lokal Kupas,buah-buahan,200,130.67,0.97
39,Semangka Lokal Kupas,buah-buahan,300,146.61,3.43
40,Manggis Dinginkan,buah-buahan,100,58.98,1.44
40,Manggis Dinginkan,buah-buahan,200,89.11,1.63
40,Manggis Dinginkan,buah-buahan,300,147.93,2.31
41,Sirup Markisa Segar,buah-buahan,100,75.77,0.51
41,Sirup Markisa Segar,buah-buahan,200,101.98,1.32
41,Sirup Markisa Segar,buah-buahan,300,223.48,3.01
42,Kersen Manis,buah-buahan,100,59.62,1.32
42,Kersen Manis,buah-buahan,200,147.48,2.63
42,Kersen Manis,buah-buahan,300,131.57,3.76
43,Pisang Kepok Segar,buah-buahan,100,99.92,0.6
43,Pisang Kepok Segar,buah-buahan,200,101.54,1.47
43,Pisang Kepok Segar,buah-buahan,300,205.9,1.53
44,Apel Malang Potong,buah-buahan,100,55.35,1.14
44,Apel Malang Potong,buah-buahan,200,151.48,0.63
44,Apel Malang Potong,buah-buahan,300,155.61,2.35
45,Jeruk Medan Dinginkan,buah-buahan,100,51.42,0.64
45,Jeruk Medan Dinginkan,buah-buahan,200,121.55,0.68
45,Jeruk Medan Dinginkan,buah-buahan,300,172.07,2.35
46,Keripik Pisang Kupas,buah-buahan,100,98.45,1.17
46,Keripik Pisang Kupas,buah-buahan,200,116.67,1.18
46,Keripik Pisang Kupas,buah-buahan,300,117.99,4.04
47,Selai Nanas Segar,buah-buahan,100,65.41,1.2
47,Selai Nanas Segar,buah-buahan,200,113.87,1.33
47,Selai Nanas Segar,buah-buahan,300,153.31,3.53
48,Rujak Cingur Kering,buah-buahan,100,86.58,1.48
48,Rujak Cingur Kering,buah-buahan,200,136.78,0.62
48,Rujak Cingur Kering,buah-buahan,300,142.03,1.79
49,Langsat Kupas,buah-buahan,100,93.72,1.12
49,Langsat Kupas,buah-buahan,200,139.72,1.84
49,Langsat Kupas,buah-buahan,300,124.03,2.3
50,Durian Monthong Segar,buah-buahan,100,97.44,0.8
50,Durian Monthong Segar,buah-buahan,200,120.95,2.24
50,Durian Monthong Segar,buah-buahan,300,235.45,2.55
51,Jus Mangga Segar,buah-buahan,100,80.22,0.37
51,Jus Mangga Segar,buah-buahan,200,141.68,0.95
51,Jus Mangga Segar,buah-buahan,300,136.93,3.81
52,Cempedak Jus,buah-buahan,100,59.64,0.87
52,Cempedak Jus,buah-buahan,200,119.89,1.19
52,Cempedak Jus,buah-buahan,300,195.54,1.59
53,Pisang Goreng Manis,buah-buahan,100,60.07,0.41
53,Pisang Goreng Manis,buah-buahan,200,90.26,2.32
53,Pisang Goreng Manis,buah-buahan,300,155.9,3.75
54,Markisa Manis,buah-buahan,100,79.58,0.74
54,Markisa Manis,buah-buahan,200,136.38,1.77
54,Markisa Manis,buah-buahan,300,90.93,1.61
55,Nangka Dinginkan,buah-buahan,100,88.55,1.3
55,Nangka Dinginkan,buah-buahan,200,132.1,1.15
55,Nangka Dinginkan,buah-buahan,300,169.09,3.4
56,Keripik Pisang Jus,buah-buahan,100,80.85,0.96
56,Keripik Pisang Jus,buah-buahan,200,138.13,2.86
56,Keripik Pisang Jus,buah-buahan,300,197.47,1.29
57,Selai Nanas Kupas,buah-buahan,100,89.08,0.97
57,Selai Nanas Kupas,buah-buahan,200,124.5,1.92
57,Selai Nanas Kupas,buah-buahan,300,112.43,2.24
58,Pisang Goreng Kupas,buah-buahan,100,67.75,0.47
58,Pisang Goreng Kupas,buah-buahan,200,91.13,2.2
58,Pisang Goreng Kupas,buah-buahan,300,139.7,1.94
59,Es Buah Dinginkan,buah-buahan,100,59.25,1.08
59,Es Buah Dinginkan,buah-buahan,200,135.61,1.51
59,Es Buah Dinginkan,buah-buahan,300,110.34,0.95
60,Dodol Durian Manis,buah-buahan,100,68.53,1.5
60,Dodol Durian Manis,buah-buahan,200,94.89,2.85
60,Dodol Durian Manis,buah-buahan,300,143.3,4.05
61,Pisang Raja Matang,buah-buahan,100,91.46,0.91
61,Pisang Raja Matang,buah-buahan,200,118.28,1.7
61,Pisang Raja Matang,buah-buahan,300,234.76,2.19
62,Apel Malang Kupas,buah-buahan,100,93.85,1.35
62,Apel Malang Kupas,buah-buahan,200,92.24,1.51
62,Apel Malang Kupas,buah-buahan,300,134.69,3.99
63,Rujak Serut Jus,buah-buahan,100,60.83,1.23
63,Rujak Serut Jus,buah-buahan,200,96.44,2.12
63,Rujak Serut Jus,buah-buahan,300,147.8,1.47
64,Duku Palembang Jus,buah-buahan,100,60.27,0.64
64,Duku Palembang Jus,buah-buahan,200,159.23,2.84
64,Duku Palembang Jus,buah-buahan,300,131.19,1.35
65,Salak Pondoh Segar,buah-buahan,100,91.86,1.45
65,Salak Pondoh Segar,buah-buahan,200,92.54,2.56
65,Salak Pondoh Segar,buah-buahan,300,135.28,2.48
66,Jambu Air Kupas,buah-buahan,100,98.23,0.33
66,Jambu Air Kupas,buah-buahan,200,133.96,0.99
66,Jambu Air Kupas,buah-buahan,300,91.01,1.52
67,Nangka Potong,buah-buahan,100,91.86,0.52
67,Nangka Potong,buah-buahan,200,136.38,1.22
67,Nangka Potong,buah-buahan,300,234.99,3.6
68,Langsat Dinginkan,buah-buahan,100,75.58,1.5
68,Langsat Dinginkan,buah-buahan,200,84.72,1.96
68,Langsat Dinginkan,buah-buahan,300,139.63,2.51
69,Duku Palembang Dinginkan,buah-buahan,100,99.86,0.71
69,Duku Palembang Dinginkan,buah-buahan,200,113.27,1.76
69,Duku Palembang Dinginkan,buah-buahan,300,121.43,2.18
70,Jambu Biji Kering,buah-buahan,100,91.82,0.41
70,Jambu Biji Kering,buah-buahan,200,115.58,1.4
70,Jambu Biji Kering,buah-buahan,300,104.84,4.22
71,Keripik Pisang Dinginkan,buah-buahan,100,64.78,1.11
71,Keripik Pisang Dinginkan,buah-buahan,200,138.86,2.15
71,Keripik Pisang Dinginkan,buah-buahan,300,134.16,3.5
72,Rujak Serut Kupas,buah-buahan,100,71.91,1.2
72,Rujak Serut Kupas,buah-buahan,200,90.38,1.28
72,Rujak Serut Kupas,buah-buahan,300,203.23,1.33
73,Nanas Madu Dinginkan,buah-buahan,100,69.46,0.84
73,Nanas Madu Dinginkan,buah-buahan,200,98.56,0.92
73,Nanas Madu Dinginkan,buah-buahan,300,232.32,0.93
74,Nanas Madu Kupas,buah-buahan,100,70.66,0.36
74,Nanas Madu Kupas,buah-buahan,200,92.88,2.91
74,Nanas Madu Kupas,buah-buahan,300,113.15,2.5
75,Rujak Buah Kering,buah-buahan,100,69.43,0.71
75,Rujak Buah Kering,buah-buahan,200,146.86,1.89
75,Rujak Buah Kering,buah-buahan,300,184.32,2.91
76,Pisang Kepok Manis,buah-buahan,100,92.62,0.82
76,Pisang Kepok Manis,buah-buahan,200,157.34,2.34
76,Pisang Kepok Manis,buah-buahan,300,166.04,2.87
77,Duku Palembang Matang,buah-buahan,100,76.95,0.71
77,Duku Palembang Matang,buah-buahan,200,145.89,1.41
77,Duku Palembang Matang,buah-buahan,300,215.4,3.9
78,Jus Mangga Manis,buah-buahan,100,94.11,0.35
78,Jus Mangga Manis,buah-buahan,200,85.57,2.39
78,Jus Mangga Manis,buah-buahan,300,238.98,3.81
79,Pisang Raja Jus,buah-buahan,100,79.17,0.32
79,Pisang Raja Jus,buah-buahan,200,90.28,2.01
79,Pisang Raja Jus,buah-buahan,300,188.51,2.47
80,Durian Monthong Kupas,buah-buahan,100,88.38,0.97
80,Durian Monthong Kupas,buah-buahan,200,137.43,2.2
80,Durian Monthong Kupas,buah-buahan,300,119.38,4.27
81,Jambu Air Dinginkan,buah-buahan,100,71.16,1.15
81,Jambu Air Dinginkan,buah-buahan,200,98.37,0.76
81,Jambu Air Dinginkan,buah-buahan,300,214.89,2.69
82,Alpukat Mentega Segar,buah-buahan,100,78.49,0.76
82,Alpukat Mentega Segar,buah-buahan,200,148.91,2.52
82,Alpukat Mentega Segar,buah-buahan,300,188.93,1.06
83,Kolak Pisang Potong,buah-buahan,100,74.25,1.42
83,Kolak Pisang Potong,buah-buahan,200,90.43,1.07
83,Kolak Pisang Potong,buah-buahan,300,202.04,1.67
84,Salak Pondoh Jus,buah-buahan,100,92.02,0.8
84,Salak Pondoh Jus,buah-buahan,200,93.53,0.82
84,Salak Pondoh Jus,buah-buahan,300,203.11,3.34
85,Sawo Matang Jus,buah-buahan,100,87.06,0.78
85,Sawo Matang Jus,buah-buahan,200,131.53,2.96
85,Sawo Matang Jus,buah-buahan,300,200.2,1.53
86,Keripik Pisang Potong,buah-buahan,100,76.55,0.75
86,Keripik Pisang Potong,buah-buahan,200,130.41,0.95
86,Keripik Pisang Potong,buah-buahan,300,131.58,1.8
87,Pisang Molen Dinginkan,buah-buahan,100,60.75,1.12
87,Pisang Molen Dinginkan,buah-buahan,200,138.53,1.14
87,Pisang Molen Dinginkan,buah-buahan,300,178.22,2.52
88,Markisa Kering,buah-buahan,100,86.21,0.89
88,Markisa Kering,buah-buahan,200,97.53,0.8
88,Markisa Kering,buah-buahan,300,136.02,1.42
89,Kolak Pisang Manis,buah-buahan,100,74.59,0.52
89,Kolak Pisang Manis,buah-buahan,200,154.17,1.95
89,Kolak Pisang Manis,buah-buahan,300,169.95,3.92
90,Jambu Air Jus,buah-buahan,100,67.05,0.35
90,Jambu Air Jus,buah-buahan,200,105.77,1.05
90,Jambu Air Jus,buah-buahan,300,91.52,0.97
91,Jus Mangga Kering,buah-buahan,100,89.07,0.56
91,Jus Mangga Kering,buah-buahan,200,85.43,1.66
91,Jus Mangga Kering,buah-buahan,300,218.9,3.48
92,Semangka Lokal Jus,buah-buahan,100,98.3,0.68
92,Semangka Lokal Jus,buah-buahan,200,147.13,2.82
92,Semangka Lokal Jus,buah-buahan,300,157.08,1.4
93,Sirup Markisa Dinginkan,buah-buahan,100,60.12,1.45
93,Sirup Markisa Dinginkan,buah-buahan,200,90.84,2.6
93,Sirup Markisa Dinginkan,buah-buahan,300,176.36,3.8
94,Sawo Matang Kering,buah-buahan,100,78.71,1.28
94,Sawo Matang Kering,buah-buahan,200,120.43,1.39
94,Sawo Matang Kering,buah-buahan,300,91.97,2.62
95,Asinan Bogor Manis,buah-buahan,100,58.5,0.73
95,Asinan Bogor Manis,buah-buahan,200,91.25,2.43
95,Asinan Bogor Manis,buah-buahan,300,236.93,2.38
96,Langsat Potong,buah-buahan,100,65.72,1.19
96,Langsat Potong,buah-buahan,200,90.87,0.89
96,Langsat Potong,buah-buahan,300,229.04,0.96
97,Rujak Buah Jus,buah-buahan,100,77.34,1.22
97,Rujak Buah Jus,buah-buahan,200,114.4,2.55
97,Rujak Buah Jus,buah-buahan,300,224.95,2.44
98,Mangga Harum Manis Jus,buah-buahan,100,63.68,1.37
98,Mangga Harum Manis Jus,buah-buahan,200,99.27,2.26
98,Mangga Harum Manis Jus,buah-buahan,300,181.64,1.35
99,Ceremai Segar,buah-buahan,100,73.12,0.45
99,Ceremai Segar,buah-buahan,200,92.35,1.79
99,Ceremai Segar,buah-buahan,300,141.71,2.19
100,Belimbing Manis Matang,buah-buahan,100,62.71,0.9
100,Belimbing Manis Matang,buah-buahan,200,102.72,1.82
100,Belimbing Manis Matang,buah-buahan,300,116.46,4.17
101,Pisang Molen Kupas,buah-buahan,100,55.07,1.17
101,Pisang Molen Kupas,buah-buahan,200,122.51,2.19
101,Pisang Molen Kupas,buah-buahan,300,102.93,3.51
102,Keripik Nangka Jus,buah-buahan,100,60.65,1.37
102,Keripik Nangka Jus,buah-buahan,200,99.85,1.65
102,Keripik Nangka Jus,buah-buahan,300,224.79,2.87
103,Semangka Lokal Segar,buah-buahan,100,89.35,0.82
103,Semangka Lokal Segar,buah-buahan,200,107.3,0.94
103,Semangka Lokal Segar,buah-buahan,300,217.65,3.45
104,Pisang Ambon Manis,buah-buahan,100,83.86,0.61
104,Pisang Ambon Manis,buah-buahan,200,109.97,2.27
104,Pisang Ambon Manis,buah-buahan,300,206.51,1.01
105,Jambu Air Matang,buah-buahan,100,91.94,0.99
105,Jambu Air Matang,buah-buahan,200,105.87,1.35
105,Jambu Air Matang,buah-buahan,300,116.54,2.77
106,Es Buah Kupas,buah-buahan,100,63.93,0.49
106,Es Buah Kupas,buah-buahan,200,94.57,1.24
106,Es Buah Kupas,buah-buahan,300,142.81,1.68
107,Markisa Potong,buah-buahan,100,94.95,1.16
107,Markisa Potong,buah-buahan,200,93.35,2.0
107,Markisa Potong,buah-buahan,300,143.87,2.43
108,Pepaya California Kering,buah-buahan,100,86.5,0.88
108,Pepaya California Kering,buah-buahan,200,99.2,1.68
108,Pepaya California Kering,buah-buahan,300,93.77,3.04
109,Manisan Salak Segar,buah-buahan,100,86.32,1.11
109,Manisan Salak Segar,buah-buahan,200,119.53,2.06
109,Manisan Salak Segar,buah-buahan,300,192.66,3.0
110,Srikaya Jus,buah-buahan,100,54.62,0.83
110,Srikaya Jus,buah-buahan,200,83.99,2.01
110,Srikaya Jus,buah-buahan,300,129.85,4.22
111,Sawo Matang Dinginkan,buah-buahan,100,80.91,0.93
111,Sawo Matang Dinginkan,buah-buahan,200,91.38,2.17
111,Sawo Matang Dinginkan,buah-buahan,300,129.72,2.66
112,Jambu Biji Jus,buah-buahan,100,94.7,0.37
112,Jambu Biji Jus,buah-buahan,200,123.63,1.82
112,Jambu Biji Jus,buah-buahan,300,217.45,2.89
113,Sirup Markisa Jus,buah-buahan,100,75.32,1.02
113,Sirup Markisa Jus,buah-buahan,200,151.74,2.23
113,Sirup Markisa Jus,buah-buahan,300,183.3,3.02
114,Jambu Biji Dinginkan,buah-buahan,100,55.89,0.45
114,Jambu Biji Dinginkan,buah-buahan,200,99.57,2.9
114,Jambu Biji Dinginkan,buah-buahan,300,102.69,3.83
115,Sukun Jus,buah-buahan,100,90.56,0.95
115,Sukun Jus,buah-buahan,200,92.02,2.34
115,Sukun Jus,buah-buahan,300,155.16,1.09
116,Jus Mangga Potong,buah-buahan,100,90.74,1.4
116,Jus Mangga Potong,buah-buahan,200,94.94,2.07
116,Jus Mangga Potong,buah-buahan,300,207.68,1.22
117,Es Buah Jus,buah-buahan,100,73.46,0.55
117,Es Buah Jus,buah-buahan,200,121.96,1.46
117,Es Buah Jus,buah-buahan,300,174.22,3.45
118,Manisan Mangga Kupas,buah-buahan,100,70.46,1.08
118,Manisan Mangga Kupas,buah-buahan,200,152.11,0.83
118,Manisan Mangga Kupas,buah-buahan,300,97.28,1.44
119,Selai Sirsak Segar,buah-buahan,100,56.73,1.32
119,Selai Sirsak Segar,buah-buahan,200,134.18,2.24
119,Selai Sirsak Segar,buah-buahan,300,192.54,3.57
120,Jeruk Medan Segar,buah-buahan,100,81.33,0.73
120,Jeruk Medan Segar,buah-buahan,200,151.37,1.62
120,Jeruk Medan Segar,buah-buahan,300,173.9,1.26
121,Sawo Matang Segar,buah-buahan,100,78.37,1.28
121,Sawo Matang Segar,buah-buahan,200,139.25,1.65
121,Sawo Matang Segar,buah-buahan,300,110.56,2.59
122,Alpukat Mentega Potong,buah-buahan,100,90.65,0.68
122,Alpukat Mentega Potong,buah-buahan,200,91.36,2.77
122,Alpukat Mentega Potong,buah-buahan,300,147.68,3.23
123,Es Campur Potong,buah-buahan,100,51.6,0.63
123,Es Campur Potong,buah-buahan,200,152.64,1.69
123,Es Campur Potong,buah-buahan,300,237.58,3.75
124,Es Campur Segar,buah-buahan,100,52.57,1.0
124,Es Campur Segar,buah-buahan,200,89.75,1.04
124,Es Campur Segar,buah-buahan,300,221.07,2.25
125,Selai Sirsak Jus,buah-buahan,100,88.7,0.44
125,Selai Sirsak Jus,buah-buahan,200,85.86,1.1
125,Selai Sirsak Jus,buah-buahan,300,169.9,4.21
126,Jambu Biji Kupas,buah-buahan,100,68.46,0.55
126,Jambu Biji Kupas,buah-buahan,200,112.4,1.29
126,Jambu Biji Kupas,buah-buahan,300,182.97,1.32
127,Jus Mangga Jus,buah-buahan,100,77.94,0.64
127,Jus Mangga Jus,buah-buahan,200,129.61,2.78
127,Jus Mangga Jus,buah-buahan,300,155.18,3.37
128,Pisang Kepok Dinginkan,buah-buahan,100,71.72,0.74
128,Pisang Kepok Dinginkan,buah-buahan,200,127.79,1.25
128,Pisang Kepok Dinginkan,buah-buahan,300,109.86,4.02
129,Langsat Segar,buah-buahan,100,89.28,1.08
129,Langsat Segar,buah-buahan,200,158.82,0.63
129,Langsat Segar,buah-buahan,300,212.97,3.24
130,Sawo Matang Kupas,buah-buahan,100,51.98,0.57
130,Sawo Matang Kupas,buah-buahan,200,92.4,1.1
130,Sawo Matang Kupas,buah-buahan,300,198.7,3.73
131,Anggur Merah Matang,buah-buahan,100,72.34,0.45
131,Anggur Merah Matang,buah-buahan,200,81.18,2.32
131,Anggur Merah Matang,buah-buahan,300,118.05,1.34
132,Pisang Raja Manis,buah-buahan,100,57.87,0.46
132,Pisang Raja Manis,buah-buahan,200,159.78,1.06
132,Pisang Raja Manis,buah-buahan,300,153.31,0.9
133,Rujak Cingur Dinginkan,buah-buahan,100,59.37,0.79
133,Rujak Cingur Dinginkan,buah-buahan,200,81.31,1.4
133,Rujak Cingur Dinginkan,buah-buahan,300,183.57,2.36
134,Kelengkeng Potong,buah-buahan,100,82.99,1.29
134,Kelengkeng Potong,buah-buahan,200,156.57,0.7
134,Kelengkeng Potong,buah-buahan,300,230.04,1.92
135,Pisang Kepok Potong,buah-buahan,100,65.46,1.15
135,Pisang Kepok Potong,buah-buahan,200,80.55,2.46
135,Pisang Kepok Potong,buah-buahan,300,194.55,3.1
136,Mangga Muda Segar,buah-buahan,100,52.43,1.05
136,Mangga Muda Segar,buah-buahan,200,99.51,2.76
136,Mangga Muda Segar,buah-buahan,300,148.36,4.12
137,Jambu Air Manis,buah-buahan,100,52.85,0.54
137,Jambu Air Manis,buah-buahan,200,95.85,2.74
137,Jambu Air Manis,buah-buahan,300,235.2,0.98
138,Semangka Lokal Kering,buah-buahan,100,66.18,1.44
138,Semangka Lokal Kering,buah-buahan,200,99.45,2.31
138,Semangka Lokal Kering,buah-buahan,300,184.98,4.27
139,Melon Hijau Manis,buah-buahan,100,62.46,0.59
139,Melon Hijau Manis,buah-buahan,200,96.57,1.56
139,Melon Hijau Manis,buah-buahan,300,134.07,1.61
140,Sukun Segar,buah-buahan,100,62.03,0.89
140,Sukun Segar,buah-buahan,200,132.74,1.73
140,Sukun Segar,buah-buahan,300,127.9,4.46
141,Buah Naga Merah Kering,buah-buahan,100,80.14,0.57
141,Buah Naga Merah Kering,buah-buahan,200,91.32,0.87
141,Buah Naga Merah Kering,buah-buahan,300,136.81,1.18
142,Manggis Kering,buah-buahan,100,98.96,0.93
142,Manggis Kering,buah-buahan,200,139.57,2.35
142,Manggis Kering,buah-buahan,300,193.41,3.72
143,Dodol Durian Segar,buah-buahan,100,53.48,1.41
143,Dodol Durian Segar,buah-buahan,200,88.28,2.16
143,Dodol Durian Segar,buah-buahan,300,198.14,3.83
144,Kelapa Muda Manis,buah-buahan,100,88.54,0.64
144,Kelapa Muda Manis,buah-buahan,200,88.9,0.84
144,Kelapa Muda Manis,buah-buahan,300,128.7,3.93
145,Buah Naga Merah Manis,buah-buahan,100,66.42,0.61
145,Buah Naga Merah Manis,buah-buahan,200,101.56,1.56
145,Buah Naga Merah Manis,buah-buahan,300,146.56,2.18
146,Asinan Bogor Kupas,buah-buahan,100,99.7,0.81
146,Asinan Bogor Kupas,buah-buahan,200,105.07,1.14
146,Asinan Bogor Kupas,buah-buahan,300,127.17,2.32
147,Manisan Salak Kering,buah-buahan,100,77.39,1.12
147,Manisan Salak Kering,buah-buahan,200,85.35,1.47
147,Manisan Salak Kering,buah-buahan,300,211.38,3.52
148,Manisan Mangga Potong,buah-buahan,100,73.43,0.84
148,Manisan Mangga Potong,buah-buahan,200,81.22,1.57
148,Manisan Mangga Potong,buah-buahan,300,177.33,1.31
149,Manggis Matang,buah-buahan,100,81.31,1.25
149,Manggis Matang,buah-buahan,200,98.65,1.61
149,Manggis Matang,buah-buahan,300,188.89,1.14
150,Pisang Goreng Potong,buah-buahan,100,62.49,0.54
150,Pisang Goreng Potong,buah-buahan,200,109.72,1.59
150,Pisang Goreng Potong,buah-buahan,300,112.89,3.01
151,Mangga Muda Manis,buah-buahan,100,65.81,1.14
151,Mangga Muda Manis,buah-buahan,200,98.43,1.09
151,Mangga Muda Manis,buah-buahan,300,221.93,3.09
152,Durian Monthong Jus,buah-buahan,100,67.89,1.24
152,Durian Monthong Jus,buah-buahan,200,150.21,2.45
152,Durian Monthong Jus,buah-buahan,300,183.37,2.56
153,Jambu Biji Matang,buah-buahan,100,53.0,1.19
153,Jambu Biji Matang,buah-buahan,200,112.27,1.89
153,Jambu Biji Matang,buah-buahan,300,124.73,2.84
154,Rambutan Binjai Segar,buah-buahan,100,69.75,1.42
154,Rambutan Binjai Segar,buah-buahan,200,136.36,0.83
154,Rambutan Binjai Segar,buah-buahan,300,175.48,2.04
155,Es Campur Kering,buah-buahan,100,87.95,0.72
155,Es Campur Kering,buah-buahan,200,135.26,1.4
155,Es Campur Kering,buah-buahan,300,131.95,2.95
156,Salak Pondoh Potong,buah-buahan,100,78.99,0.33
156,Salak Pondoh Potong,buah-buahan,200,139.2,1.5
156,Salak Pondoh Potong,buah-buahan,300,225.3,2.78
157,Melon Hijau Jus,buah-buahan,100,65.81,0.89
157,Melon Hijau Jus,buah-buahan,200,156.75,2.59
157,Melon Hijau Jus,buah-buahan,300,101.16,3.86
158,Jus Alpukat Segar,buah-buahan,100,73.61,0.97
158,Jus Alpukat Segar,buah-buahan,200,86.85,1.08
158,Jus Alpukat Segar,buah-buahan,300,150.81,4.36
159,Kolak Pisang Kering,buah-buahan,100,57.67,0.45
159,Kolak Pisang Kering,buah-buahan,200,95.53,1.06
159,Kolak Pisang Kering,buah-buahan,300,206.41,3.4
160,Nanas Madu Potong,buah-buahan,100,56.44,0.52
160,Nanas Madu Potong,buah-buahan,200,99.11,0.74
160,Nanas Madu Potong,buah-buahan,300,143.15,4.02
161,Keripik Nangka Kupas,buah-buahan,100,69.38,0.99
161,Keripik Nangka Kupas,buah-buahan,200,97.45,2.76
161,Keripik Nangka Kupas,buah-buahan,300,98.97,4.23
162,Anggur Merah Segar,buah-buahan,100,67.07,0.52
162,Anggur Merah Segar,buah-buahan,200,87.93,1.0
162,Anggur Merah Segar,buah-buahan,300,176.13,1.37
163,Keripik Nangka Manis,buah-buahan,100,92.55,1.36
163,Keripik Nangka Manis,buah-buahan,200,145.37,1.68
163,Keripik Nangka Manis,buah-buahan,300,121.01,3.36
164,Pisang Goreng Kering,buah-buahan,100,67.67,0.5
164,Pisang Goreng Kering,buah-buahan,200,80.58,2.85
164,Pisang Goreng Kering,buah-buahan,300,128.25,2.65
165,Belimbing Manis Manis,buah-buahan,100,54.66,0.93
165,Belimbing Manis Manis,buah-buahan,200,85.65,1.78
165,Belimbing Manis Manis,buah-buahan,300,185.18,2.87
166,Rujak Buah Kupas,buah-buahan,100,87.83,1.39
166,Rujak Buah Kupas,buah-buahan,200,155.52,1.97
166,Rujak Buah Kupas,buah-buahan,300,191.58,2.02
167,Selai Nanas Kering,buah-buahan,100,94.95,1.3
167,Selai Nanas Kering,buah-buahan,200,148.46,1.13
167,Selai Nanas Kering,buah-buahan,300,161.53,3.28
168,Kelapa Muda Jus,buah-buahan,100,93.75,0.79
168,Kelapa Muda Jus,buah-buahan,200,135.71,1.09
168,Kelapa Muda Jus,buah-buahan,300,93.72,2.1
169,Belimbing Manis Segar,buah-buahan,100,96.89,1.28
169,Belimbing Manis Segar,buah-buahan,200,101.61,0.71
169,Belimbing Manis Segar,buah-buahan,300,154.7,1.79
170,Buah Naga Merah Matang,buah-buahan,100,79.11,0.64
170,Buah Naga Merah Matang,buah-buahan,200,121.01,0.83
170,Buah Naga Merah Matang,buah-buahan,300,187.07,3.16
171,Markisa Dinginkan,buah-buahan,100,87.36,1.4
171,Markisa Dinginkan,buah-buahan,200,124.61,1.18
171,Markisa Dinginkan,buah-buahan,300,184.55,1.16
172,Mangga Harum Manis Kupas,buah-buahan,100,50.97,0.31
172,Mangga Harum Manis Kupas,buah-buahan,200,86.59,2.09
172,Mangga Harum Manis Kupas,buah-buahan,300,190.4,1.33
173,Rujak Serut Potong,buah-buahan,100,60.87,1.23
173,Rujak Serut Potong,buah-buahan,200,114.01,0.68
173,Rujak Serut Potong,buah-buahan,300,116.43,2.21
174,Pisang Molen Jus,buah-buahan,100,93.43,0.58
174,Pisang Molen Jus,buah-buahan,200,134.91,1.18
174,Pisang Molen Jus,buah-buahan,300,97.53,2.27
175,Srikaya Segar,buah-buahan,100,83.09,0.93
175,Srikaya Segar,buah-buahan,200,153.39,0.84
175,Srikaya Segar,buah-buahan,300,90.48,4.15
176,Manisan Salak Manis,buah-buahan,100,79.36,0.4
176,Manisan Salak Manis,buah-buahan,200,94.7,1.84
176,Manisan Salak Manis,buah-buahan,300,212.68,1.68
177,Srikaya Potong,buah-buahan,100,77.63,0.47
177,Srikaya Potong,buah-buahan,200,94.06,0.95
177,Srikaya Potong,buah-buahan,300,224.93,1.91
178,Nangka Jus,buah-buahan,100,75.59,0.72
178,Nangka Jus,buah-buahan,200,146.57,0.88
178,Nangka Jus,buah-buahan,300,166.8,3.56
179,Kersen Potong,buah-buahan,100,72.99,1.21
179,Kersen Potong,buah-buahan,200,100.74,1.75
179,Kersen Potong,buah-buahan,300,165.46,3.3
180,Nanas Madu Manis,buah-buahan,100,82.64,0.47
180,Nanas Madu Manis,buah-buahan,200,116.54,1.04
180,Nanas Madu Manis,buah-buahan,300,212.19,3.33
181,Pepaya California Kupas,buah-buahan,100,79.63,0.93
181,Pepaya California Kupas,buah-buahan,200,145.99,1.01
181,Pepaya California Kupas,buah-buahan,300,146.71,2.48
182,Buah Naga Merah Kupas,buah-buahan,100,61.98,0.92
182,Buah Naga Merah Kupas,buah-buahan,200,104.19,2.17
182,Buah Naga Merah Kupas,buah-buahan,300,153.32,3.27
183,Semangka Lokal Potong,buah-buahan,100,64.64,1.09
183,Semangka Lokal Potong,buah-buahan,200,133.46,0.86
183,Semangka Lokal Potong,buah-buahan,300,110.71,3.53
184,Jeruk Medan Matang,buah-buahan,100,74.85,0.46
184,Jeruk Medan Matang,buah-buahan,200,141.65,2.71
184,Jeruk Medan Matang,buah-buahan,300,129.28,1.37
185,Pepaya California Dinginkan,buah-buahan,100,83.41,1.09
185,Pepaya California Dinginkan,buah-buahan,200,97.76,2.21
185,Pepaya California Dinginkan,buah-buahan,300,167.34,3.58
186,Sirup Markisa Kering,buah-buahan,100,66.99,1.43
186,Sirup Markisa Kering,buah-buahan,200,101.76,2.28
186,Sirup Markisa Kering,buah-buahan,300,122.38,2.09
187,Jeruk Medan Manis,buah-buahan,100,89.87,1.17
187,Jeruk Medan Manis,buah-buahan,200,137.49,1.59
187,Jeruk Medan Manis,buah-buahan,300,170.26,3.54
188,Sukun Manis,buah-buahan,100,89.19,0.74
188,Sukun Manis,buah-buahan,200,99.23,1.83
188,Sukun Manis,buah-buahan,300,143.83,0.98
189,Jambu Air Kering,buah-buahan,100,71.1,0.68
189,Jambu Air Kering,buah-buahan,200,95.4,0.73
189,Jambu Air Kering,buah-buahan,300,134.24,3.03
190,Duku Palembang Kering,buah-buahan,100,56.06,0.6
190,Duku Palembang Kering,buah-buahan,200,96.2,1.21
190,Duku Palembang Kering,buah-buahan,300,212.42,2.62
191,Jeruk Medan Jus,buah-buahan,100,64.12,1.16
191,Jeruk Medan Jus,buah-buahan,200,137.3,1.99
191,Jeruk Medan Jus,buah-buahan,300,237.62,1.66
192,Rujak Serut Segar,buah-buahan,100,51.73,0.8
192,Rujak Serut Segar,buah-buahan,200,91.96,1.81
192,Rujak Serut Segar,buah-buahan,300,128.45,2.86
193,Jeruk Medan Kupas,buah-buahan,100,77.47,0.93
193,Jeruk Medan Kupas,buah-buahan,200,90.66,1.94
193,Jeruk Medan Kupas,buah-buahan,300,186.61,2.44
194,Belimbing Manis Jus,buah-buahan,100,94.43,1.46
194,Belimbing Manis Jus,buah-buahan,200,153.33,2.9
194,Belimbing Manis Jus,buah-buahan,300,113.56,2.91
195,Kesemek Dinginkan,buah-buahan,100,94.92,1.39
195,Kesemek Dinginkan,buah-buahan,200,157.85,1.37
195,Kesemek Dinginkan,buah-buahan,300,129.3,3.66
196,Es Campur Manis,buah-buahan,100,56.93,0.65
196,Es Campur Manis,buah-buahan,200,119.15,2.44
196,Es Campur Manis,buah-buahan,300,207.19,3.0
197,Apel Malang Kering,buah-buahan,100,56.83,0.52
197,Apel Malang Kering,buah-buahan,200,97.12,2.52
197,Apel Malang Kering,buah-buahan,300,203.91,1.74
198,Buah Naga Merah Jus,buah-buahan,100,63.07,0.69
198,Buah Naga Merah Jus,buah-buahan,200,104.44,1.98
198,Buah Naga Merah Jus,buah-buahan,300,211.99,1.37
199,Srikaya Dinginkan,buah-buahan,100,75.42,1.36
199,Srikaya Dinginkan,buah-buahan,200,121.14,2.58
199,Srikaya Dinginkan,buah-buahan,300,226.22,1.24
200,Srikaya Kering,buah-buahan,100,71.71,1.38
200,Srikaya Kering,buah-buahan,200,155.2,0.88
200,Srikaya Kering,buah-buahan,300,222.46,3.48
201,Kelapa Tua Matang,buah-buahan,100,95.83,1.24
201,Kelapa Tua Matang,buah-buahan,200,122.93,0.65
201,Kelapa Tua Matang,buah-buahan,300,202.72,4.29
202,Cempedak Matang,buah-buahan,100,88.02,0.57
202,Cempedak Matang,buah-buahan,200,104.15,1.22
202,Cempedak Matang,buah-buahan,300,200.74,3.31
203,Melon Hijau Kering,buah-buahan,100,51.33,1.0
203,Melon Hijau Kering,buah-buahan,200,142.87,2.63
203,Melon Hijau Kering,buah-buahan,300,112.64,2.41
204,Apel Malang Jus,buah-buahan,100,98.11,1.32
204,Apel Malang Jus,buah-buahan,200,80.0,1.74
204,Apel Malang Jus,buah-buahan,300,200.23,2.75
205,Asinan Bogor Matang,buah-buahan,100,72.68,0.78
205,Asinan Bogor Matang,buah-buahan,200,98.35,1.25
205,Asinan Bogor Matang,buah-buahan,300,156.5,3.15
206,Kelapa Muda Kupas,buah-buahan,100,94.39,1.0
206,Kelapa Muda Kupas,buah-buahan,200,137.8,0.8
206,Kelapa Muda Kupas,buah-buahan,300,223.54,1.98
207,Mangga Harum Manis Matang,buah-buahan,100,64.28,0.55
207,Mangga Harum Manis Matang,buah-buahan,200,156.65,2.45
207,Mangga Harum Manis Matang,buah-buahan,300,185.89,3.91
208,Rujak Buah Matang,buah-buahan,100,70.64,0.59
208,Rujak Buah Matang,buah-buahan,200,112.85,2.82
208,Rujak Buah Matang,buah-buahan,300,132.9,3.88
209,Ceremai Jus,buah-buahan,100,68.0,0.62
209,Ceremai Jus,buah-buahan,200,125.96,2.13
209,Ceremai Jus,buah-buahan,300,217.04,4.47
210,Pisang Raja Segar,buah-buahan,100,76.38,1.21
210,Pisang Raja Segar,buah-buahan,200,123.27,2.03
210,Pisang Raja Segar,buah-buahan,300,173.94,2.83
211,Es Buah Segar,buah-buahan,100,55.11,0.51
211,Es Buah Segar,buah-buahan,200,118.14,1.0
211,Es Buah Segar,buah-buahan,300,234.57,1.01
212,Kesemek Kering,buah-buahan,100,71.72,1.16
212,Kesemek Kering,buah-buahan,200,93.48,1.07
212,Kesemek Kering,buah-buahan,300,105.6,2.22
213,Duku Palembang Segar,buah-buahan,100,86.17,0.48
213,Duku Palembang Segar,buah-buahan,200,136.33,1.07
213,Duku Palembang Segar,buah-buahan,300,195.62,3.43
214,Kolak Pisang Dinginkan,buah-buahan,100,85.28,0.56
214,Kolak Pisang Dinginkan,buah-buahan,200,147.12,2.23
214,Kolak Pisang Dinginkan,buah-buahan,300,239.36,1.31
215,Sawo Matang Manis,buah-buahan,100,60.23,1.17
215,Sawo Matang Manis,buah-buahan,200,134.17,1.25
215,Sawo Matang Manis,buah-buahan,300,206.19,3.88
216,Es Campur Kupas,buah-buahan,100,50.33,0.96
216,Es Campur Kupas,buah-buahan,200,107.11,0.71
216,Es Campur Kupas,buah-buahan,300,212.87,2.01
217,Pepaya California Manis,buah-buahan,100,92.36,1.12
217,Pepaya California Manis,buah-buahan,200,142.12,2.19
217,Pepaya California Manis,buah-buahan,300,212.73,2.0
218,Pisang Raja Potong,buah-buahan,100,56.16,0.83
218,Pisang Raja Potong,buah-buahan,200,115.99,1.9
218,Pisang Raja Potong,buah-buahan,300,158.29,1.1
219,Dodol Durian Kupas,buah-buahan,100,90.52,0.85
219,Dodol Durian Kupas,buah-buahan,200,145.68,2.11
219,Dodol Durian Kupas,buah-buahan,300,171.21,1.82
220,Mangga Muda Kupas,buah-buahan,100,85.97,0.38
220,Mangga Muda Kupas,buah-buahan,200,116.48,1.69
220,Mangga Muda Kupas,buah-buahan,300,133.54,4.2
221,Kersen Jus,buah-buahan,100,90.69,1.17
221,Kersen Jus,buah-buahan,200,84.06,0.91
221,Kersen Jus,buah-buahan,300,138.4,1.57
222,Rambutan Binjai Dinginkan,buah-buahan,100,56.4,0.75
222,Rambutan Binjai Dinginkan,buah-buahan,200,148.64,1.29
222,Rambutan Binjai Dinginkan,buah-buahan,300,197.23,1.22
223,Mangga Harum Manis Potong,buah-buahan,100,83.49,1.14
223,Mangga Harum Manis Potong,buah-buahan,200,154.2,1.6
223,Mangga Harum Manis Potong,buah-buahan,300,115.0,2.05
224,Rujak Buah Manis,buah-buahan,100,61.31,0.91
224,Rujak Buah Manis,buah-buahan,200,121.08,0.93
224,Rujak Buah Manis,buah-buahan,300,165.47,1.05
225,Sirup Markisa Manis,buah-buahan,100,62.71,0.73
225,Sirup Markisa Manis,buah-buahan,200,94.82,0.95
225,Sirup Markisa Manis,buah-buahan,300,152.19,2.65
226,Kelapa Tua Jus,buah-buahan,100,78.52,0.53
226,Kelapa Tua Jus,buah-buahan,200,98.88,1.37
226,Kelapa Tua Jus,buah-buahan,300,94.16,3.97
227,Buah Naga Merah Potong,buah-buahan,100,54.6,1.4
227,Buah Naga Merah Potong,buah-buahan,200,131.35,2.61
227,Buah Naga Merah Potong,buah-buahan,300,172.69,0.94
228,Sukun Potong,buah-buahan,100,56.2,1.18
228,Sukun Potong,buah-buahan,200,105.99,2.7
228,Sukun Potong,buah-buahan,300,239.26,3.63
229,Es Teler Dinginkan,buah-buahan,100,95.86,0.9
229,Es Teler Dinginkan,buah-buahan,200,90.81,1.3
229,Es Teler Dinginkan,buah-buahan,300,199.19,3.37
230,Keripik Pisang Segar,buah-buahan,100,73.1,0.67
230,Keripik Pisang Segar,buah-buahan,200,132.64,1.62
230,Keripik Pisang Segar,buah-buahan,300,143.19,3.11
231,Es Campur Dinginkan,buah-buahan,100,57.75,1.43
231,Es Campur Dinginkan,buah-buahan,200,116.37,1.08
231,Es Campur Dinginkan,buah-buahan,300,101.01,0.98
232,Belimbing Manis Potong,buah-buahan,100,96.71,1.09
232,Belimbing Manis Potong,buah-buahan,200,154.68,1.85
232,Belimbing Manis Potong,buah-buahan,300,222.8,1.92
233,Es Teler Potong,buah-buahan,100,70.69,0.79
233,Es Teler Potong,buah-buahan,200,147.01,0.74
233,Es Teler Potong,buah-buahan,300,103.89,4.16
234,Kelapa Muda Segar,buah-buahan,100,53.83,0.38
234,Kelapa Muda Segar,buah-buahan,200,111.73,2.57
234,Kelapa Muda Segar,buah-buahan,300,92.03,1.82
235,Pisang Ambon Matang,buah-buahan,100,69.74,1.5
235,Pisang Ambon Matang,buah-buahan,200,95.12,0.73
235,Pisang Ambon Matang,buah-buahan,300,110.65,2.72
236,Ceremai Dinginkan,buah-buahan,100,50.88,1.32
236,Ceremai Dinginkan,buah-buahan,200,84.6,1.69
236,Ceremai Dinginkan,buah-buahan,300,231.66,4.37
237,Cempedak Segar,buah-buahan,100,99.84,0.59
237,Cempedak Segar,buah-buahan,200,133.23,2.48
237,Cempedak Segar,buah-buahan,300,237.1,3.3
238,Kersen Segar,buah-buahan,100,58.15,1.17
238,Kersen Segar,buah-buahan,200,146.18,1.8
238,Kersen Segar,buah-buahan,300,114.53,3.61
239,Manisan Salak Jus,buah-buahan,100,78.86,0.36
239,Manisan Salak Jus,buah-buahan,200,97.15,2.47
239,Manisan Salak Jus,buah-buahan,300,236.77,2.07
240,Cempedak Manis,buah-buahan,100,81.3,0.46
240,Cempedak Manis,buah-buahan,200,101.77,1.73
240,Cempedak Manis,buah-buahan,300,228.0,2.96
241,Langsat Jus,buah-buahan,100,72.97,0.74
241,Langsat Jus,buah-buahan,200,126.84,1.06
241,Langsat Jus,buah-buahan,300,166.23,4.0
242,Manisan Mangga Segar,buah-buahan,100,85.14,1.11
242,Manisan Mangga Segar,buah-buahan,200,146.79,1.2
242,Manisan Mangga Segar,buah-buahan,300,116.38,3.69
243,Cempedak Kering,buah-buahan,100,55.98,0.43
243,Cempedak Kering,buah-buahan,200,85.91,2.83
243,Cempedak Kering,buah-buahan,300,114.65,3.19
244,Kelapa Tua Kupas,buah-buahan,100,75.91,1.17
244,Kelapa Tua Kupas,buah-buahan,200,129.72,0.99
244,Kelapa Tua Kupas,buah-buahan,300,130.71,4.32
245,Apel Malang Segar,buah-buahan,200,109.24,1.85
245,Apel Malang Segar,buah-buahan,300,196.7,2.85
246,Es Campur Matang,buah-buahan,100,51.01,0.77
246,Es Campur Matang,buah-buahan,200,112.92,1.07
246,Es Campur Matang,buah-buahan,300,126.42,2.59
247,Kelengkeng Kering,buah-buahan,100,71.99,0.73
247,Kelengkeng Kering,buah-buahan,200,100.61,2.97
247,Kelengkeng Kering,buah-buahan,300,166.09,2.61
248,Rambutan Binjai Potong,buah-buahan,100,94.18,1.23
248,Rambutan Binjai Potong,buah-buahan,200,102.67,2.99
248,Rambutan Binjai Potong,buah-buahan,300,173.45,2.23
249,Es Teler Kering,buah-buahan,100,60.19,0.51
249,Es Teler Kering,buah-buahan,200,97.38,2.34
249,Es Teler Kering,buah-buahan,300,98.59,1.45
250,Keripik Pisang Kering,buah-buahan,100,53.27,1.01
250,Keripik Pisang Kering,buah-buahan,200,97.4,1.66
250,Keripik Pisang Kering,buah-buahan,300,190.0,3.52
251,Asinan Bogor Jus,buah-buahan,100,77.15,1.5
251,Asinan Bogor Jus,buah-buahan,200,84.78,1.9
251,Asinan Bogor Jus,buah-buahan,300,167.0,2.39
252,Pisang Molen Matang,buah-buahan,100,97.25,0.45
252,Pisang Molen Matang,buah-buahan,200,111.58,2.46
252,Pisang Molen Matang,buah-buahan,300,102.53,3.43
253,Dodol Durian Dinginkan,buah-buahan,100,85.58,0.48
253,Dodol Durian Dinginkan,buah-buahan,200,90.66,2.59
253,Dodol Durian Dinginkan,buah-buahan,300,231.65,4.17
254,Ceremai Potong,buah-buahan,100,50.66,0.79
254,Ceremai Potong,buah-buahan,200,99.37,1.65
254,Ceremai Potong,buah-buahan,300,198.96,1.74
255,Anggur Merah Potong,buah-buahan,100,74.5,0.56
255,Anggur Merah Potong,buah-buahan,200,120.7,2.74
255,Anggur Merah Potong,buah-buahan,300,114.17,1.93
256,Mangga Muda Matang,buah-buahan,100,89.87,1.49
256,Mangga Muda Matang,buah-buahan,200,90.64,1.89
256,Mangga Muda Matang,buah-buahan,300,186.56,4.14
257,Buah Naga Merah Dinginkan,buah-buahan,100,59.71,1.22
257,Buah Naga Merah Dinginkan,buah-buahan,200,110.43,1.41
257,Buah Naga Merah Dinginkan,buah-buahan,300,162.11,1.73
258,Mangga Harum Manis Kering,buah-buahan,100,71.24,1.19
258,Mangga Harum Manis Kering,buah-buahan,200,156.3,0.84
258,Mangga Harum Manis Kering,buah-buahan,300,221.61,3.05
259,Kelapa Muda Dinginkan,buah-buahan,100,57.83,0.77
259,Kelapa Muda Dinginkan,buah-buahan,200,102.74,2.52
259,Kelapa Muda Dinginkan,buah-buahan,300,189.14,4.2
260,Kelapa Muda Matang,buah-buahan,100,53.14,0.87
260,Kelapa Muda Matang,buah-buahan,200,144.35,0.96
260,Kelapa Muda Matang,buah-buahan,300,217.57,4.2
261,Keripik Nangka Matang,buah-buahan,100,62.9,0.6
261,Keripik Nangka Matang,buah-buahan,200,122.29,1.41
261,Keripik Nangka Matang,buah-buahan,300,190.37,2.64
262,Salak Pondoh Kering,buah-buahan,100,88.14,1.26
262,Salak Pondoh Kering,buah-buahan,200,158.75,0.96
262,Salak Pondoh Kering,buah-buahan,300,234.42,2.16
263,Durian Monthong Potong,buah-buahan,100,51.16,0.73
263,Durian Monthong Potong,buah-buahan,200,81.08,2.99
263,Durian Monthong Potong,buah-buahan,300,182.62,2.71
264,Nanas Madu Matang,buah-buahan,100,51.01,0.37
264,Nanas Madu Matang,buah-buahan,200,98.8,1.85
264,Nanas Madu Matang,buah-buahan,300,214.05,1.28
265,Pisang Ambon Kering,buah-buahan,100,80.33,0.62
265,Pisang Ambon Kering,buah-buahan,200,135.47,1.16
265,Pisang Ambon Kering,buah-buahan,300,209.0,3.87
266,Melon Hijau Dinginkan,buah-buahan,100,85.21,1.32
266,Melon Hijau Dinginkan,buah-buahan,200,112.04,1.09
266,Melon Hijau Dinginkan,buah-buahan,300,121.1,2.43
267,Duku Palembang Manis,buah-buahan,100,97.21,1.47
267,Duku Palembang Manis,buah-buahan,200,134.93,0.7
267,Duku Palembang Manis,buah-buahan,300,178.92,2.67
268,Jambu Biji Segar,buah-buahan,100,83.83,0.84
268,Jambu Biji Segar,buah-buahan,200,146.51,1.19
268,Jambu Biji Segar,buah-buahan,300,228.47,2.77
269,Semangka Lokal Matang,buah-buahan,100,85.18,0.41
269,Semangka Lokal Matang,buah-buahan,200,116.15,1.06
269,Semangka Lokal Matang,buah-buahan,300,170.49,4.26
270,Durian Monthong Matang,buah-buahan,100,93.39,0.59
270,Durian Monthong Matang,buah-buahan,200,91.53,1.6
270,Durian Monthong Matang,buah-buahan,300,195.44,4.01
271,Kelapa Tua Manis,buah-buahan,100,79.78,0.66
271,Kelapa Tua Manis,buah-buahan,200,99.52,1.98
271,Kelapa Tua Manis,buah-buahan,300,217.93,2.6
272,Mangga Harum Manis Manis,buah-buahan,100,68.35,0.38
272,Mangga Harum Manis Manis,buah-buahan,200,93.4,1.59
272,Mangga Harum Manis Manis,buah-buahan,300,178.78,1.14
273,Kolak Pisang Segar,buah-buahan,100,63.13,1.28
273,Kolak Pisang Segar,buah-buahan,200,102.02,0.68
273,Kolak Pisang Segar,buah-buahan,300,105.49,1.45
274,Rujak Buah Potong,buah-buahan,100,86.16,0.51
274,Rujak Buah Potong,buah-buahan,200,153.25,2.96
274,Rujak Buah Potong,buah-buahan,300,101.51,2.58
275,Manisan Mangga Dinginkan,buah-buahan,100,54.45,1.34
275,Manisan Mangga Dinginkan,buah-buahan,200,140.1,1.16
275,Manisan Mangga Dinginkan,buah-buahan,300,167.21,3.94
276,Kesemek Jus,buah-buahan,100,86.88,0.32
276,Kesemek Jus,buah-buahan,200,139.88,1.96
276,Kesemek Jus,buah-buahan,300,145.77,2.56
277,Manggis Potong,buah-buahan,100,72.65,1.17
277,Manggis Potong,buah-buahan,200,142.12,2.15
277,Manggis Potong,buah-buahan,300,217.56,3.78
278,Selai Sirsak Dinginkan,buah-buahan,100,80.17,0.38
278,Selai Sirsak Dinginkan,buah-buahan,200,143.96,2.6
278,Selai Sirsak Dinginkan,buah-buahan,300,196.52,2.33
279,Markisa Segar,buah-buahan,100,54.71,1.4
279,Markisa Segar,buah-buahan,200,132.23,2.51
279,Markisa Segar,buah-buahan,300,100.67,2.65
280,Kelapa Muda Kering,buah-buahan,100,70.25,0.88
280,Kelapa Muda Kering,buah-buahan,200,97.76,0.74
280,Kelapa Muda Kering,buah-buahan,300,100.88,1.43
281,Selai Nanas Jus,buah-buahan,100,91.45,0.83
281,Selai Nanas Jus,buah-buahan,200,113.85,0.68
281,Selai Nanas Jus,buah-buahan,300,202.36,3.16
282,Sirup Markisa Potong,buah-buahan,100,67.63,1.44
282,Sirup Markisa Potong,buah-buahan,200,147.95,2.6
282,Sirup Markisa Potong,buah-buahan,300,194.9,1.87
283,Pisang Goreng Matang,buah-buahan,100,86.26,1.15
283,Pisang Goreng Matang,buah-buahan,200,114.07,2.8
283,Pisang Goreng Matang,buah-buahan,300,195.6,0.96
284,Jambu Air Segar,buah-buahan,100,80.47,0.35
284,Jambu Air Segar,buah-buahan,200,90.9,1.53
284,Jambu Air Segar,buah-buahan,300,144.18,2.88
285,Pepaya California Potong,buah-buahan,100,81.89,0.7
285,Pepaya California Potong,buah-buahan,200,118.94,2.74
285,Pepaya California Potong,buah-buahan,300,238.42,3.92
286,Ceremai Matang,buah-buahan,100,96.63,0.92
286,Ceremai Matang,buah-buahan,200,94.27,0.99
286,Ceremai Matang,buah-buahan,300,152.82,3.52
287,Es Teler Matang,buah-buahan,100,90.41,0.75
287,Es Teler Matang,buah-buahan,200,134.69,2.09
287,Es Teler Matang,buah-buahan,300,202.21,1.83
288,Mangga Harum Manis Dinginkan,buah-buahan,100,52.02,0.65
288,Mangga Harum Manis Dinginkan,buah-buahan,200,143.11,2.81
288,Mangga Harum Manis Dinginkan,buah-buahan,300,111.55,4.15
289,Es Buah Kering,buah-buahan,100,94.43,0.48
289,Es Buah Kering,buah-buahan,200,107.41,1.05
289,Es Buah Kering,buah-buahan,300,146.07,3.76
290,Salak Pondoh Kupas,buah-buahan,100,82.72,0.45
290,Salak Pondoh Kupas,buah-buahan,200,147.9,1.59
290,Salak Pondoh Kupas,buah-buahan,300,142.61,4.28
291,Keripik Nangka Potong,buah-buahan,100,57.35,0.44
291,Keripik Nangka Potong,buah-buahan,200,96.59,2.5
291,Keripik Nangka Potong,buah-buahan,300,196.35,2.05
292,Rujak Cingur Jus,buah-buahan,100,93.32,1.44
292,Rujak Cingur Jus,buah-buahan,200,92.84,1.14
292,Rujak Cingur Jus,buah-buahan,300,113.27,3.68
293,Durian Monthong Dinginkan,buah-buahan,100,60.17,0.81
293,Durian Monthong Dinginkan,buah-buahan,200,96.19,1.5
293,Durian Monthong Dinginkan,buah-buahan,300,179.3,3.73
294,Es Teler Manis,buah-buahan,100,56.66,1.29
294,Es Teler Manis,buah-buahan,200,85.08,1.22
294,Es Teler Manis,buah-buahan,300,211.38,1.86
295,Manisan Salak Kupas,buah-buahan,100,83.64,0.38
295,Manisan Salak Kupas,buah-buahan,200,126.92,1.68
295,Manisan Salak Kupas,buah-buahan,300,134.11,3.1
296,Rujak Cingur Manis,buah-buahan,100,57.83,0.54
296,Rujak Cingur Manis,buah-buahan,200,83.02,1.43
296,Rujak Cingur Manis,buah-buahan,300,208.4,1.06
297,Sukun Matang,buah-buahan,100,69.28,0.66
297,Sukun Matang,buah-buahan,200,93.54,1.11
297,Sukun Matang,buah-buahan,300,200.4,4.04
298,Selai Nanas Potong,buah-buahan,100,50.05,1.46
298,Selai Nanas Potong,buah-buahan,200,121.86,1.55
298,Selai Nanas Potong,buah-buahan,300,236.77,1.39
299,Rambutan Binjai Kering,buah-buahan,100,70.17,0.52
299,Rambutan Binjai Kering,buah-buahan,200,85.52,2.6
299,Rambutan Binjai Kering,buah-buahan,300,214.32,3.9
300,Rujak Serut Manis,buah-buahan,100,50.74,0.79
300,Rujak Serut Manis,buah-buahan,200,116.82,1.07
300,Rujak Serut Manis,buah-buahan,300,121.44,4.34
301,Jambu Biji Manis,buah-buahan,100,75.4,1.45
301,Jambu Biji Manis,buah-buahan,200,108.45,0.69
301,Jambu Biji Manis,buah-buahan,300,172.31,2.62
302,Keripik Pisang Manis,buah-buahan,100,67.57,1.37
302,Keripik Pisang Manis,buah-buahan,200,91.88,2.1
302,Keripik Pisang Manis,buah-buahan,300,132.48,1.1
303,Alpukat Mentega Kupas,buah-buahan,100,56.78,0.49
303,Alpukat Mentega Kupas,buah-buahan,200,93.95,1.91
303,Alpukat Mentega Kupas,buah-buahan,300,143.42,2.25
304,Kersen Dinginkan,buah-buahan,100,64.1,1.16
304,Kersen Dinginkan,buah-buahan,200,91.99,2.1
304,Kersen Dinginkan,buah-buahan,300,229.01,3.86
305,Kelapa Muda Potong,buah-buahan,100,79.83,0.49
305,Kelapa Muda Potong,buah-buahan,200,95.08,1.67
305,Kelapa Muda Potong,buah-buahan,300,121.03,1.91
306,Kelengkeng Dinginkan,buah-buahan,100,65.14,1.13
306,Kelengkeng Dinginkan,buah-buahan,200,145.71,1.2
306,Kelengkeng Dinginkan,buah-buahan,300,138.8,1.52
307,Pisang Kepok Jus,buah-buahan,100,74.11,1.24
307,Pisang Kepok Jus,buah-buahan,200,129.67,2.94
307,Pisang Kepok Jus,buah-buahan,300,128.18,2.18
308,Markisa Kupas,buah-buahan,100,73.81,0.98
308,Markisa Kupas,buah-buahan,200,147.33,1.37
308,Markisa Kupas,buah-buahan,300,146.16,2.54
309,Rambutan Binjai Jus,buah-buahan,100,98.78,0.94
309,Rambutan Binjai Jus,buah-buahan,200,85.1,2.05
309,Rambutan Binjai Jus,buah-buahan,300,103.81,3.13
310,Pisang Ambon Jus,buah-buahan,100,50.98,1.14
310,Pisang Ambon Jus,buah-buahan,200,94.84,1.92
310,Pisang Ambon Jus,buah-buahan,300,198.56,2.11
311,Srikaya Matang,buah-buahan,100,57.61,0.71
311,Srikaya Matang,buah-buahan,200,96.59,1.6
311,Srikaya Matang,buah-buahan,300,173.84,4.42
312,Jus Alpukat Kering,buah-buahan,100,72.15,0.61
312,Jus Alpukat Kering,buah-buahan,200,152.13,1.46
312,Jus Alpukat Kering,buah-buahan,300,131.11,2.19
313,Apel Malang Manis,buah-buahan,100,70.92,0.37
313,Apel Malang Manis,buah-buahan,200,109.24,2.23
313,Apel Malang Manis,buah-buahan,300,192.7,3.98
314,Nanas Madu Kering,buah-buahan,100,67.53,0.51
314,Nanas Madu Kering,buah-buahan,200,98.27,1.38
314,Nanas Madu Kering,buah-buahan,300,186.66,1.88
315,Nangka Kering,buah-buahan,100,68.6,1.08
315,Nangka Kering,buah-buahan,200,98.16,0.85
315,Nangka Kering,buah-buahan,300,166.69,2.52
316,Manisan Mangga Matang,buah-buahan,100,90.48,1.47
316,Manisan Mangga Matang,buah-buahan,200,115.31,2.38
316,Manisan Mangga Matang,buah-buahan,300,206.48,2.5
317,Durian Monthong Manis,buah-buahan,100,56.84,0.94
317,Durian Monthong Manis,buah-buahan,200,145.3,0.65
317,Durian Monthong Manis,buah-buahan,300,235.49,1.39
318,Keripik Nangka Dinginkan,buah-buahan,100,80.39,0.96
318,Keripik Nangka Dinginkan,buah-buahan,200,100.25,2.51
318,Keripik Nangka Dinginkan,buah-buahan,300,156.34,1.92
319,Manggis Kupas,buah-buahan,100,57.17,0.88
319,Manggis Kupas,buah-buahan,200,90.2,2.08
319,Manggis Kupas,buah-buahan,300,157.98,3.72
320,Kelapa Tua Dinginkan,buah-buahan,100,78.74,1.43
320,Kelapa Tua Dinginkan,buah-buahan,200,102.11,2.72
320,Kelapa Tua Dinginkan,buah-buahan,300,228.42,2.39
321,Srikaya Manis,buah-buahan,100,66.91,0.8
321,Srikaya Manis,buah-buahan,200,89.28,1.47
321,Srikaya Manis,buah-buahan,300,162.1,3.72
322,Es Buah Matang,buah-buahan,100,61.29,0.91
322,Es Buah Matang,buah-buahan,200,157.03,2.25
322,Es Buah Matang,buah-buahan,300,177.69,2.58
323,Apel Malang Matang,buah-buahan,100,73.06,1.25
323,Apel Malang Matang,buah-buahan,200,88.92,1.3
323,Apel Malang Matang,buah-buahan,300,220.41,2.45
324,Buah Naga Merah Segar,buah-buahan,100,61.07,0.31
324,Buah Naga Merah Segar,buah-buahan,200,137.53,1.27
324,Buah Naga Merah Segar,buah-buahan,300,146.87,1.22
325,Salak Pondoh Dinginkan,buah-buahan,100,70.25,1.26
325,Salak Pondoh Dinginkan,buah-buahan,200,102.59,1.49
325,Salak Pondoh Dinginkan,buah-buahan,300,140.1,1.49
326,Alpukat Mentega Matang,buah-buahan,100,95.66,1.29
326,Alpukat Mentega Matang,buah-buahan,200,115.47,1.74
326,Alpukat Mentega Matang,buah-buahan,300,204.56,1.9
327,Selai Nanas Manis,buah-buahan,100,91.22,0.92
327,Selai Nanas Manis,buah-buahan,200,147.97,2.94
327,Selai Nanas Manis,buah-buahan,300,205.18,2.67
328,Pisang Kepok Kering,buah-buahan,100,99.32,1.38
328,Pisang Kepok Kering,buah-buahan,200,97.71,2.93
328,Pisang Kepok Kering,buah-buahan,300,215.1,1.21
329,Dodol Durian Matang,buah-buahan,100,70.31,1.28
329,Dodol Durian Matang,buah-buahan,200,128.68,1.77
329,Dodol Durian Matang,buah-buahan,300,123.36,0.92
330,Anggur Merah Manis,buah-buahan,100,89.2,0.84
330,Anggur Merah Manis,buah-buahan,200,114.25,2.21
330,Anggur Merah Manis,buah-buahan,300,160.94,3.77
331,Kersen Kupas,buah-buahan,100,52.14,1.2
331,Kersen Kupas,buah-buahan,200,81.28,1.18
331,Kersen Kupas,buah-buahan,300,174.5,2.79
332,Salak Pondoh Matang,buah-buahan,100,51.86,1.22
332,Salak Pondoh Matang,buah-buahan,200,94.76,2.58
332,Salak Pondoh Matang,buah-buahan,300,152.56,1.09
333,Selai Sirsak Potong,buah-buahan,100,75.15,0.72
333,Selai Sirsak Potong,buah-buahan,200,91.93,2.52
333,Selai Sirsak Potong,buah-buahan,300,152.86,3.09
334,Dodol Durian Potong,buah-buahan,100,74.21,1.06
334,Dodol Durian Potong,buah-buahan,200,139.05,2.54
334,Dodol Durian Potong,buah-buahan,300,168.96,4.42
335,Ceremai Manis,buah-buahan,100,73.16,0.8
335,Ceremai Manis,buah-buahan,200,96.73,1.34
335,Ceremai Manis,buah-buahan,300,118.57,1.62
336,Kelengkeng Jus,buah-buahan,100,62.56,0.42
336,Kelengkeng Jus,buah-buahan,200,112.34,1.57
336,Kelengkeng Jus,buah-buahan,300,239.79,1.14
337,Selai Nanas Matang,buah-buahan,100,91.93,0.99
337,Selai Nanas Matang,buah-buahan,200,149.48,1.1
337,Selai Nanas Matang,buah-buahan,300,141.69,1.51
338,Jambu Air Potong,buah-buahan,100,92.99,1.2
338,Jambu Air Potong,buah-buahan,200,125.57,2.76
338,Jambu Air Potong,buah-buahan,300,140.55,3.11
339,Manisan Mangga Manis,buah-buahan,100,80.3,0.49
339,Manisan Mangga Manis,buah-buahan,200,87.84,1.64
339,Manisan Mangga Manis,buah-buahan,300,103.9,1.08
340,Pisang Goreng Jus,buah-buahan,100,76.8,1.39
340,Pisang Goreng Jus,buah-buahan,200,124.86,1.59
340,Pisang Goreng Jus,buah-buahan,300,138.35,1.5
341,Jus Alpukat Matang,buah-buahan,100,74.75,1.24
341,Jus Alpukat Matang,buah-buahan,200,96.87,1.32
341,Jus Alpukat Matang,buah-buahan,300,104.71,2.56
342,Pisang Molen Potong,buah-buahan,100,96.96,0.64
342,Pisang Molen Potong,buah-buahan,200,130.4,2.3
342,Pisang Molen Potong,buah-buahan,300,104.17,4.01
343,Rujak Serut Dinginkan,buah-buahan,100,76.07,0.49
343,Rujak Serut Dinginkan,buah-buahan,200,149.13,1.7
343,Rujak Serut Dinginkan,buah-buahan,300,231.24,3.29
344,Kelengkeng Manis,buah-buahan,100,74.19,1.09
344,Kelengkeng Manis,buah-buahan,200,96.0,2.89
344,Kelengkeng Manis,buah-buahan,300,185.35,2.7
345,Belimbing Manis Dinginkan,buah-buahan,100,78.02,1.48
345,Belimbing Manis Dinginkan,buah-buahan,200,121.12,2.69
345,Belimbing Manis Dinginkan,buah-buahan,300,182.84,2.47
346,Mangga Muda Jus,buah-buahan,100,67.3,0.45
346,Mangga Muda Jus,buah-buahan,200,84.17,1.25
346,Mangga Muda Jus,buah-buahan,300,217.24,1.66
347,Jus Mangga Dinginkan,buah-buahan,100,82.33,1.0
347,Jus Mangga Dinginkan,buah-buahan,200,81.61,1.89
347,Jus Mangga Dinginkan,buah-buahan,300,196.96,1.5
348,Apel Malang Dinginkan,buah-buahan,100,50.35,0.77
348,Apel Malang Dinginkan,buah-buahan,200,94.18,1.71
348,Apel Malang Dinginkan,buah-buahan,300,222.6,2.33
349,Mangga Muda Dinginkan,buah-buahan,100,65.83,1.3
349,Mangga Muda Dinginkan,buah-buahan,200,146.93,2.0
349,Mangga Muda Dinginkan,buah-buahan,300,139.68,2.05
350,Kesemek Kupas,buah-buahan,100,93.07,1.13
350,Kesemek Kupas,buah-buahan,200,153.88,1.92
350,Kesemek Kupas,buah-buahan,300,217.16,4.22
351,Manggis Jus,buah-buahan,100,90.38,1.12
351,Manggis Jus,buah-buahan,200,110.52,2.66
351,Manggis Jus,buah-buahan,300,99.05,4.36
352,Pepaya California Matang,buah-buahan,100,58.55,0.85
352,Pepaya California Matang,buah-buahan,200,110.26,1.21
352,Pepaya California Matang,buah-buahan,300,151.11,4.38
353,Rujak Cingur Kupas,buah-buahan,100,86.54,1.02
353,Rujak Cingur Kupas,buah-buahan,200,85.46,2.06
353,Rujak Cingur Kupas,buah-buahan,300,101.79,2.97
354,Sawo Matang Matang,buah-buahan,100,85.84,1.41
354,Sawo Matang Matang,buah-buahan,200,156.75,2.2
354,Sawo Matang Matang,buah-buahan,300,125.81,1.31
355,Manisan Mangga Jus,buah-buahan,100,53.47,0.73
355,Manisan Mangga Jus,buah-buahan,200,99.03,1.3
355,Manisan Mangga Jus,buah-buahan,300,136.24,3.5
356,Pisang Kepok Matang,buah-buahan,100,59.22,0.55
356,Pisang Kepok Matang,buah-buahan,200,130.86,1.59
356,Pisang Kepok Matang,buah-buahan,300,114.79,3.88
357,Melon Hijau Potong,buah-buahan,100,76.99,1.36
357,Melon Hijau Potong,buah-buahan,200,133.05,2.08
357,Melon Hijau Potong,buah-buahan,300,212.98,4.26
358,Kolak Pisang Matang,buah-buahan,100,73.49,1.46
358,Kolak Pisang Matang,buah-buahan,200,115.62,2.9
358,Kolak Pisang Matang,buah-buahan,300,183.78,2.66
359,Belimbing Manis Kering,buah-buahan,100,62.51,0.88
359,Belimbing Manis Kering,buah-buahan,200,95.16,2.57
359,Belimbing Manis Kering,buah-buahan,300,126.36,3.77
360,Manisan Salak Dinginkan,buah-buahan,100,64.9,0.47
360,Manisan Salak Dinginkan,buah-buahan,200,119.43,2.82
360,Manisan Salak Dinginkan,buah-buahan,300,98.28,2.89
361,Semangka Lokal Dinginkan,buah-buahan,100,94.14,0.31
361,Semangka Lokal Dinginkan,buah-buahan,200,110.92,1.26
361,Semangka Lokal Dinginkan,buah-buahan,300,228.31,3.56
362,Es Campur Jus,buah-buahan,100,92.32,1.14
362,Es Campur Jus,buah-buahan,200,117.68,2.97
362,Es Campur Jus,buah-buahan,300,145.32,1.56
363,Ceremai Kering,buah-buahan,100,75.82,0.73
363,Ceremai Kering,buah-buahan,200,93.45,1.94
363,Ceremai Kering,buah-buahan,300,166.41,3.56
364,Anggur Merah Dinginkan,buah-buahan,100,56.82,0.4
364,Anggur Merah Dinginkan,buah-buahan,200,156.58,0.75
364,Anggur Merah Dinginkan,buah-buahan,300,175.59,2.73
365,Es Teler Kupas,buah-buahan,100,92.48,0.71
365,Es Teler Kupas,buah-buahan,200,91.28,2.88
365,Es Teler Kupas,buah-buahan,300,142.8,3.6
366,Cempedak Potong,buah-buahan,100,74.29,1.24
366,Cempedak Potong,buah-buahan,200,97.9,0.99
366,Cempedak Potong,buah-buahan,300,144.33,3.6
367,Kelapa Tua Segar,buah-buahan,100,51.05,0.92
367,Kelapa Tua Segar,buah-buahan,200,149.19,1.33
367,Kelapa Tua Segar,buah-buahan,300,208.91,3.53
368,Melon Hijau Segar,buah-buahan,100,75.33,0.62
368,Melon Hijau Segar,buah-buahan,200,150.7,0.95
368,Melon Hijau Segar,buah-buahan,300,143.04,3.74
369,Keripik Nangka Segar,buah-buahan,100,86.92,0.82
369,Keripik Nangka Segar,buah-buahan,200,94.61,1.88
369,Keripik Nangka Segar,buah-buahan,300,203.37,4.37
370,Selai Sirsak Kupas,buah-buahan,100,99.25,1.32
370,Selai Sirsak Kupas,buah-buahan,200,92.69,1.23
370,Selai Sirsak Kupas,buah-buahan,300,231.14,2.98
371,Cempedak Dinginkan,buah-buahan,100,65.91,0.66
371,Cempedak Dinginkan,buah-buahan,200,94.9,2.96
371,Cempedak Dinginkan,buah-buahan,300,176.5,2.67
372,Manggis Segar,buah-buahan,100,56.16,1.17
372,Manggis Segar,buah-buahan,200,128.67,1.34
372,Manggis Segar,buah-buahan,300,181.74,2.75
373,Duku Palembang Potong,buah-buahan,100,95.13,1.37
373,Duku Palembang Potong,buah-buahan,200,114.29,1.98
373,Duku Palembang Potong,buah-buahan,300,196.7,4.33
374,Pisang Raja Kering,buah-buahan,100,95.7,1.17
374,Pisang Raja Kering,buah-buahan,200,155.27,1.71
374,Pisang Raja Kering,buah-buahan,300,138.41,1.58
375,Rambutan Binjai Manis,buah-buahan,100,68.27,0.97
375,Rambutan Binjai Manis,buah-buahan,200,141.4,0.99
375,Rambutan Binjai Manis,buah-buahan,300,226.34,2.61
376,Rujak Cingur Potong,buah-buahan,100,68.29,0.87
376,Rujak Cingur Potong,buah-buahan,200,94.6,1.48
376,Rujak Cingur Potong,buah-buahan,300,222.73,3.12
377,Sukun Kupas,buah-buahan,100,66.17,0.34
377,Sukun Kupas,buah-buahan,200,114.9,2.67
377,Sukun Kupas,buah-buahan,300,129.02,2.46
378,Jus Alpukat Manis,buah-buahan,100,69.92,1.32
378,Jus Alpukat Manis,buah-buahan,200,136.54,1.71
378,Jus Alpukat Manis,buah-buahan,300,148.42,1.81
379,Asinan Bogor Dinginkan,buah-buahan,100,67.32,0.56
379,Asinan Bogor Dinginkan,buah-buahan,200,146.29,1.33
379,Asinan Bogor Dinginkan,buah-buahan,300,165.57,2.24
380,Nangka Segar,buah-buahan,100,94.27,0.84
380,Nangka Segar,buah-buahan,200,94.44,2.04
380,Nangka Segar,buah-buahan,300,134.35,1.61
381,Sawo Matang Potong,buah-buahan,100,94.01,0.5
381,Sawo Matang Potong,buah-buahan,200,95.38,1.88
381,Sawo Matang Potong,buah-buahan,300,156.6,3.29
382,Manisan Mangga Kering,buah-buahan,100,59.43,0.34
382,Manisan Mangga Kering,buah-buahan,200,156.56,1.1
382,Manisan Mangga Kering,buah-buahan,300,185.53,3.83
383,Anggur Merah Jus,buah-buahan,100,66.35,0.37
383,Anggur Merah Jus,buah-buahan,200,136.15,2.72
383,Anggur Merah Jus,buah-buahan,300,200.31,2.38
384,Pepaya California Jus,buah-buahan,100,98.19,0.41
384,Pepaya California Jus,buah-buahan,200,121.69,2.0
384,Pepaya California Jus,buah-buahan,300,157.27,3.4
385,Rambutan Binjai Kupas,buah-buahan,100,88.22,0.94
385,Rambutan Binjai Kupas,buah-buahan,200,91.16,1.47
385,Rambutan Binjai Kupas,buah-buahan,300,222.42,2.13
386,Pisang Ambon Kupas,buah-buahan,100,76.9,1.36
386,Pisang Ambon Kupas,buah-buahan,200,85.48,0.88
386,Pisang Ambon Kupas,buah-buahan,300,238.48,2.02
387,Nangka Manis,buah-buahan,100,72.53999999999999,0.44
387,Nangka Manis,buah-buahan,200,117.86,0.69
387,Nangka Manis,buah-buahan,300,173.99,3.0
388,Alpukat Mentega Kering,buah-buahan,100,59.73,1.46
388,Alpukat Mentega Kering,buah-buahan,200,117.44,2.87
388,Alpukat Mentega Kering,buah-buahan,300,186.83,2.43
389,Nanas Madu Jus,buah-buahan,100,67.72,1.36
389,Nanas Madu Jus,buah-buahan,200,83.8,1.92
389,Nanas Madu Jus,buah-buahan,300,207.95,1.77
390,Es Teler Jus,buah-buahan,100,60.9,1.23
390,Es Teler Jus,buah-buahan,200,84.87,0.93
390,Es Teler Jus,buah-buahan,300,93.52,1.17
391,Jus Alpukat Kupas,buah-buahan,100,90.13,0.56
391,Jus Alpukat Kupas,buah-buahan,200,86.55,0.75
391,Jus Alpukat Kupas,buah-buahan,300,225.41,4.35
392,Rujak Cingur Segar,buah-buahan,100,92.27,1.28
392,Rujak Cingur Segar,buah-buahan,200,113.99,2.45
392,Rujak Cingur Segar,buah-buahan,300,223.51,3.79
393,Pisang Molen Kering,buah-buahan,100,64.38,0.41
393,Pisang Molen Kering,buah-buahan,200,90.97,2.97
393,Pisang Molen Kering,buah-buahan,300,221.11,2.34
394,Srikaya Kupas,buah-buahan,100,81.97,1.2
394,Srikaya Kupas,buah-buahan,200,98.34,1.93
394,Srikaya Kupas,buah-buahan,300,219.79,2.67
395,Semangka Lokal Manis,buah-buahan,100,92.27,1.17
395,Semangka Lokal Manis,buah-buahan,200,94.53,0.69
395,Semangka Lokal Manis,buah-buahan,300,217.75,1.04
396,Kelengkeng Segar,buah-buahan,100,68.81,1.19
396,Kelengkeng Segar,buah-buahan,200,92.24,0.87
396,Kelengkeng Segar,buah-buahan,300,176.02,1.98
397,Alpukat Mentega Manis,buah-buahan,100,87.86,1.04
397,Alpukat Mentega Manis,buah-buahan,200,159.92,2.92
397,Alpukat Mentega Manis,buah-buahan,300,134.06,2.62
398,Pisang Kepok Kupas,buah-buahan,100,68.05,0.33
398,Pisang Kepok Kupas,buah-buahan,200,91.93,2.78
398,Pisang Kepok Kupas,buah-buahan,300,132.16,4.09
399,Manggis Manis,buah-buahan,100,69.82,0.6
399,Manggis Manis,buah-buahan,200,131.11,1.02
399,Manggis Manis,buah-buahan,300,188.92,1.9
400,Rujak Serut Matang,buah-buahan,100,73.86,0.37
400,Rujak Serut Matang,buah-buahan,200,99.78,1.11
400,Rujak Serut Matang,buah-buahan,300,214.89,2.09
401,Sirup Markisa Matang,buah-buahan,100,56.75,0.81
401,Sirup Markisa Matang,buah-buahan,200,88.87,2.31
401,Sirup Markisa Matang,buah-buahan,300,219.07,1.66
402,Ceremai Kupas,buah-buahan,100,58.56,1.3
402,Ceremai Kupas,buah-buahan,200,132.43,2.9
402,Ceremai Kupas,buah-buahan,300,203.95,3.12
403,Salak Pondoh Manis,buah-buahan,100,59.97,1.46
403,Salak Pondoh Manis,buah-buahan,200,96.78,0.66
403,Salak Pondoh Manis,buah-buahan,300,138.77,3.9
404,Jambu Biji Potong,buah-buahan,100,50.98,1.06
404,Jambu Biji Potong,buah-buahan,200,146.01,1.59
404,Jambu Biji Potong,buah-buahan,300,225.75,3.83
405,Rujak Serut Kering,buah-buahan,100,53.92,1.16
405,Rujak Serut Kering,buah-buahan,200,112.62,1.64
405,Rujak Serut Kering,buah-buahan,300,135.94,3.7
406,Jeruk Medan Kering,buah-buahan,100,82.8,1.01
406,Jeruk Medan Kering,buah-buahan,200,146.25,2.04
406,Jeruk Medan Kering,buah-buahan,300,101.6,4.47
407,Kelengkeng Kupas,buah-buahan,100,69.94,1.26
407,Kelengkeng Kupas,buah-buahan,200,157.33,0.81
407,Kelengkeng Kupas,buah-buahan,300,236.51,1.3
408,Belimbing Manis Kupas,buah-buahan,100,93.43,1.43
408,Belimbing Manis Kupas,buah-buahan,200,104.16,2.02
408,Belimbing Manis Kupas,buah-buahan,300,213.8,4.44
409,Jus Alpukat Potong,buah-buahan,100,71.89,0.53
409,Jus Alpukat Potong,buah-buahan,200,90.81,1.37
409,Jus Alpukat Potong,buah-buahan,300,187.6,4.2
410,Selai Sirsak Matang,buah-buahan,100,50.33,0.58
410,Selai Sirsak Matang,buah-buahan,200,105.43,0.96
410,Selai Sirsak Matang,buah-buahan,300,116.69,4.26
411,Asinan Bogor Potong,buah-buahan,100,80.83,0.45
411,Asinan Bogor Potong,buah-buahan,200,132.48,1.9
411,Asinan Bogor Potong,buah-buahan,300,90.07,1.82
412,Asinan Bogor Segar,buah-buahan,100,95.17,1.05
412,Asinan Bogor Segar,buah-buahan,200,142.4,1.4
412,Asinan Bogor Segar,buah-buahan,300,163.11,3.89
413,Rujak Buah Segar,buah-buahan,100,56.91,0.56
413,Rujak Buah Segar,buah-buahan,200,151.11,0.61
413,Rujak Buah Segar,buah-buahan,300,216.79,2.46
414,Es Buah Manis,buah-buahan,100,59.21,0.58
414,Es Buah Manis,buah-buahan,200,125.09,1.72
414,Es Buah Manis,buah-buahan,300,159.04,3.89
415,Jus Mangga Matang,buah-buahan,100,56.66,0.77
415,Jus Mangga Matang,buah-buahan,200,99.79,2.11
415,Jus Mangga Matang,buah-buahan,300,107.28,1.84
416,Kolak Pisang Kupas,buah-buahan,100,52.52,1.49
416,Kolak Pisang Kupas,buah-buahan,200,97.67,1.16
416,Kolak Pisang Kupas,buah-buahan,300,112.59,2.99
417,Mangga Muda Kering,buah-buahan,100,98.29,0.34
417,Mangga Muda Kering,buah-buahan,200,90.64,1.01
417,Mangga Muda Kering,buah-buahan,300,161.45,4.06
418,Es Teler Segar,buah-buahan,100,70.0,1.39
418,Es Teler Segar,buah-buahan,200,89.33,1.11
418,Es Teler Segar,buah-buahan,300,131.03,3.92
419,Melon Hijau Kupas,buah-buahan,100,61.7,1.12
419,Melon Hijau Kupas,buah-buahan,200,81.67,2.45
419,Melon Hijau Kupas,buah-buahan,300,181.51,1.17
420,Kolak Pisang Jus,buah-buahan,100,67.99,1.39
420,Kolak Pisang Jus,buah-buahan,200,91.14,2.79
420,Kolak Pisang Jus,buah-buahan,300,163.63,4.49
421,Kersen Matang,buah-buahan,100,76.46,0.84
421,Kersen Matang,buah-buahan,200,125.71,1.57
421,Kersen Matang,buah-buahan,300,229.05,1.98
422,Sukun Kering,buah-buahan,100,94.83,0.88
422,Sukun Kering,buah-buahan,200,121.64,1.15
422,Sukun Kering,buah-buahan,300,189.31,1.6
423,Markisa Matang,buah-buahan,100,93.17,0.98
423,Markisa Matang,buah-buahan,200,97.0,2.24
423,Markisa Matang,buah-buahan,300,131.19,1.66
424,Mangga Muda Potong,buah-buahan,100,55.98,0.98
424,Mangga Muda Potong,buah-buahan,200,152.31,2.74
424,Mangga Muda Potong,buah-buahan,300,197.65,2.98
425,Mangga Harum Manis Segar,buah-buahan,100,73.35,0.48
425,Mangga Harum Manis Segar,buah-buahan,200,118.0,2.35
425,Mangga Harum Manis Segar,buah-buahan,300,140.81,2.99
426,Anggur Merah Kering,buah-buahan,100,70.1,1.09
426,Anggur Merah Kering,buah-buahan,200,117.29,1.29
426,Anggur Merah Kering,buah-buahan,300,154.58,1.46
427,Pisang Ambon Segar,buah-buahan,100,71.79,1.26
427,Pisang Ambon Segar,buah-buahan,200,132.02,2.0
427,Pisang Ambon Segar,buah-buahan,300,158.08,4.5
428,Pisang Goreng Dinginkan,buah-buahan,100,69.94,1.08
428,Pisang Goreng Dinginkan,buah-buahan,200,94.85,1.0
428,Pisang Goreng Dinginkan,buah-buahan,300,110.89,2.85
429,Es Buah Potong,buah-buahan,100,95.28,1.17
429,Es Buah Potong,buah-buahan,200,145.16,0.91
429,Es Buah Potong,buah-buahan,300,190.1,2.18
430,Kesemek Potong,buah-buahan,100,79.27,0.32
430,Kesemek Potong,buah-buahan,200,94.67,0.64
430,Kesemek Potong,buah-buahan,300,198.63,2.24
431,Pisang Raja Kupas,buah-buahan,100,86.92,0.67
431,Pisang Raja Kupas,buah-buahan,200,121.65,2.07
431,Pisang Raja Kupas,buah-buahan,300,228.54,1.59
432,Nangka Matang,buah-buahan,100,67.31,0.42
432,Nangka Matang,buah-buahan,200,99.62,1.3
432,Nangka Matang,buah-buahan,300,216.71,1.93
433,Kelapa Tua Potong,buah-buahan,100,97.61,0.33
433,Kelapa Tua Potong,buah-buahan,200,107.11,2.01
433,Kelapa Tua Potong,buah-buahan,300,205.3,2.5
434,Durian Monthong Kering,buah-buahan,100,65.62,0.71
434,Durian Monthong Kering,buah-buahan,200,150.86,2.26
434,Durian Monthong Kering,buah-buahan,300,232.6,4.22
435,Pisang Goreng Segar,buah-buahan,100,86.67,0.88
435,Pisang Goreng Segar,buah-buahan,200,114.13,2.48
435,Pisang Goreng Segar,buah-buahan,300,123.23,2.9
436,Manisan Salak Matang,buah-buahan,100,99.73,1.49
436,Manisan Salak Matang,buah-buahan,200,84.51,0.66
436,Manisan Salak Matang,buah-buahan,300,103.81,2.99
437,Dodol Durian Jus,buah-buahan,100,69.81,0.7
437,Dodol Durian Jus,buah-buahan,200,125.93,0.93
437,Dodol Durian Jus,buah-buahan,300,227.11,2.67
438,Jeruk Medan Potong,buah-buahan,100,57.15,0.44
438,Jeruk Medan Potong,buah-buahan,200,98.28,0.79
438,Jeruk Medan Potong,buah-buahan,300,201.05,4.0
439,Kelengkeng Matang,buah-buahan,100,93.34,1.28
439,Kelengkeng Matang,buah-buahan,200,87.9,2.08
439,Kelengkeng Matang,buah-buahan,300,192.63,3.75
440,Jus Alpukat Jus,buah-buahan,100,72.5,2.33
440,Jus Alpukat Jus,buah-buahan,200,99.52,1.58
440,Jus Alpukat Jus,buah-buahan,300,147.1,4.24
